{"cameraMode":{"drawMode":0,"name":"Shaded","section":"Shading Mode"},"sceneLighting":false,"audioPlay":false,"sceneViewState":{"showFog":false,"showMaterialUpdate":false,"showSkybox":false,"showFlares":false,"showImageEffects":true,"showParticleSystems":true},"in2DMode":false,"pivot":{"x":-0.7446184158325195,"y":2.259340524673462,"z":-4.669053077697754},"rotation":{"x":-0.2512354552745819,"y":-0.28182411193847659,"z":0.07672708481550217,"w":-0.9228049516677856},"size":3.0304784774780275,"orthographic":false}